```PostgreSQL
test_database=# alter table orders rename to orders_old;
ALTER TABLE

test_database=# create table orders_old_1 (like orders_old including all);
CREATE TABLE

test_database=# alter table orders_old_1 drop constraint orders_old_1_pkey;
ALTER TABLE

test_database=# alter table orders_old_1 add primary key (id,price);
ALTER TABLE

test_database=# create table orders (like orders_old_1 including all) PARTITION BY RANGE(price);
CREATE TABLE

test_database=# create table orders_1 partition of orders for values from (500) to (~(1::int<<31));
CREATE TABLE

test_database=# create table orders_2 partition of orders for values from (0) to (500);
CREATE TABLE

test_database=# insert into orders select * from orders_old;
INSERT 0 8

test_database=# select * from orders;
 id |        title         | price 
----+----------------------+-------
  1 | War and peace        |   100
  3 | Adventure psql time  |   300
  4 | Server gravity falls |   300
  5 | Log gossips          |   123
  7 | Me and my bash-pet   |   499
  2 | My little database   |   500
  6 | WAL never lies       |   900
  8 | Dbiezdmin            |   501
(8 rows)

test_database=# select * from only orders;
 id | title | price 
----+-------+-------
(0 rows)

test_database=# select * from only orders_1;
 id |       title        | price 
----+--------------------+-------
  2 | My little database |   500
  6 | WAL never lies     |   900
  8 | Dbiezdmin          |   501
(3 rows)

test_database=# select * from only orders_2;
 id |        title         | price 
----+----------------------+-------
  1 | War and peace        |   100
  3 | Adventure psql time  |   300
  4 | Server gravity falls |   300
  5 | Log gossips          |   123
  7 | Me and my bash-pet   |   499
(5 rows)

test_database=# insert into orders (title,price) values ('Some cheap', 3), ('Some expensive', 99999);
INSERT 0 2

test_database=# select * from only orders_1;
 id |       title        | price 
----+--------------------+-------
  2 | My little database |   500
  6 | WAL never lies     |   900
  8 | Dbiezdmin          |   501
 12 | Some expensive     | 99999
(4 rows)

test_database=# select * from only orders_2;
 id |        title         | price 
----+----------------------+-------
  1 | War and peace        |   100
  3 | Adventure psql time  |   300
  4 | Server gravity falls |   300
  5 | Log gossips          |   123
  7 | Me and my bash-pet   |   499
 11 | Some cheap           |     3
(6 rows)



```
